<?xml version="1.0" encoding="utf-8"?>
<extension type="plugin" group="videobox" method="upgrade" version="3.0" >
    <name>Videobox - SoundCloud</name>
    <creationDate>April 2014</creationDate>
    <description>Video plugin for Joomla!</description>
    
	<license>GNU/GPLv3 http://www.gnu.org/licenses/gpl-3.0.html</license>
    <author>HitkoDev</author>
    <copyright>Copyright (C) 2016 HtikoDev</copyright>
    <authorEmail>development@hitko.si</authorEmail>
    <authorUrl>https://hitko.eu/videobox/</authorUrl>
    <version>5.0.0 beta-2</version>
    
    <files>
        <filename plugin="soundcloud">soundcloud.php</filename>
    </files>
    <config>
        <fields name="params">
            <fieldset name="basic">
                <field name="scVisual" type="radio" default="1" size="5" label="Visual player" description="Turn visual player on (better for large players) or off (better for small players)" class="btn-group" >
					<option value="1" >JON</option>
					<option value="0" >JOFF</option>
				</field>
            </fieldset>
        </fields>
    </config>
</extension>
