<?xml version="1.0" encoding="utf-8"?>
<extension type="plugin" group="videobox" method="upgrade" version="3.0" >
    <name>Videobox - Twitch</name>
    <creationDate>March 2016</creationDate>
    <description>Video plugin for Joomla!</description>
    
	<license>GNU/GPLv3 http://www.gnu.org/licenses/gpl-3.0.html</license>
    <author>HitkoDev</author>
    <copyright>Copyright (C) 2016 HtikoDev</copyright>
    <authorEmail>development@hitko.si</authorEmail>
    <authorUrl>https://hitko.eu/videobox/</authorUrl>
    <version>5.0.0 beta-1</version>
    
    <files>
        <filename plugin="twitch">twitch.php</filename>
    </files>
    <config>
        <fields name="params">
            <fieldset name="basic">
                <field name="channelImage" type="list" default="logo" label="Channel image" description="Image to be used as a thumbnail when linking to a Twitch channel" >
                    <option value="logo">Logo</option>
                    <option value="video_banner">Video banner</option>
                    <option value="profile_banner">Profile banner</option>
                </field>
			</fieldset>
        </fields>
    </config>
</extension>
