<?xml version="1.0" encoding="utf-8"?>
<extension type="plugin" group="videobox" method="upgrade" version="3.0" >
    <name>Videobox - Vimeo</name>
    <creationDate>April 2014</creationDate>
    <description>Video plugin for Joomla!</description>
    
	<license>GNU/GPLv3 http://www.gnu.org/licenses/gpl-3.0.html</license>
    <author>HitkoDev</author>
    <copyright>Copyright (C) 2016 HtikoDev</copyright>
    <authorEmail>development@hitko.si</authorEmail>
    <authorUrl>https://hitko.eu/videobox/</authorUrl>
    <version>5.0.0-beta2</version>
    
    <files>
        <filename plugin="vimeo">vimeo.php</filename>
        <filename plugin="vimeo">index.html</filename>
    </files>
    <config>
        <fields name="params">
		
        </fields>
    </config>
</extension>
